
INSERT INTO users (name, email, password, profilepicture, phonenumber, gender, nationality, age)
VALUES
('John Doe', 'john@example.com', 'password123', 'https://example.com/profile.jpg', '123-456-7890', 'M', 'USA', 30),
('Jane Smith', 'jane@example.com', 'securepwd456', 'https://example.com/jane.jpg', '987-654-3210', 'F', 'Canada', 28),
('Michael Johnson', 'michael@example.com', 'strongpass789', 'https://example.com/michael.jpg', '555-555-5555', 'M', 'France', 35),
('Alice Brown', 'alice@example.com', 'alicesecret', 'https://example.com/alice.jpg', '111-222-3333', 'F', 'Japan', 22),
('Robert Lee', 'robert@example.com', 'robertpass', 'https://example.com/robert.jpg', '444-555-6666', 'M', 'USA', 40),
('Emily Davis', 'emily@example.com', 'emilypassword', 'https://example.com/emily.jpg', '777-888-9999', 'F', 'Spain', 31),
('Daniel Johnson', 'daniel@example.com', 'danielpass', 'https://example.com/daniel.jpg', '222-333-4444', 'M', 'Germany', 28),
('Sarah Williams', 'sarah@example.com', 'sarah123', 'https://example.com/sarah.jpg', '555-666-7777', 'F', 'USA', 25),
('David Smith', 'david@example.com', 'davidpass', 'https://example.com/david.jpg', '888-999-0000', 'M', 'Australia', 45),
('Olivia Miller', 'olivia@example.com', 'oliviapass', 'https://example.com/olivia.jpg', '666-777-8888', 'F', 'Canada', 33),
('William Taylor', 'william@example.com', 'williampass', 'https://example.com/william.jpg', '999-000-1111', 'M', 'UK', 29),
('Sophia Johnson', 'sophia@example.com', 'sophiapass', 'https://example.com/sophia.jpg', '777-888-9999', 'F', 'USA', 28),
('Jacob Martinez', 'jacob@example.com', 'jacobpass', 'https://example.com/jacob.jpg', '222-111-3333', 'M', 'Canada', 24),
('Emma Wilson', 'emma@example.com', 'emmapass', 'https://example.com/emma.jpg', '555-888-1111', 'F', 'USA', 27),
('James Anderson', 'james@example.com', 'jamespass', 'https://example.com/james.jpg', '777-555-2222', 'M', 'UK', 31),
('Grace Harris', 'grace@example.com', 'gracepass', 'https://example.com/grace.jpg', '999-222-1111', 'F', 'Australia', 29),
('Josephine Clark', 'josephine@example.com', 'josephinepass', 'https://example.com/josephine.jpg', '333-666-9999', 'F', 'Canada', 26),
('Liam Walker', 'liam@example.com', 'liampass', 'https://example.com/liam.jpg', '888-111-4444', 'M', 'Germany', 30),
('Ava Mitchell', 'ava@example.com', 'avapass', 'https://example.com/ava.jpg', '222-888-7777', 'F', 'UK', 25),
('Ethan Turner', 'ethan@example.com', 'ethanpass', 'https://example.com/ethan.jpg', '444-222-5555', 'M', 'Australia', 28),
('Grace Lee', 'gracelee@example.com', 'gracepass123', 'https://example.com/gracelee.jpg', '555-666-7777', 'F', 'USA', 27),
('Daniel Brown', 'danielbrown@example.com', 'danielpass456', 'https://example.com/danielbrown.jpg', '444-555-6666', 'M', 'Canada', 40),
('Oliver Turner', 'oliver@example.com', 'oliverpass789', 'https://example.com/oliver.jpg', '888-999-0000', 'M', 'UK', 30),
('Sophia Davis', 'sophiadavis@example.com', 'sophiapass123', 'https://example.com/sophiadavis.jpg', '666-777-8888', 'F', 'Australia', 33),
('James Smith', 'jamessmith@example.com', 'jamespass456', 'https://example.com/jamessmith.jpg', '222-888-7777', 'M', 'Germany', 25),
('Liam Wilson', 'liamwilson@example.com', 'liampass789', 'https://example.com/liamwilson.jpg', '444-222-5555', 'M', 'Australia', 28),
('Ava Johnson', 'avajohnson@example.com', 'avapass123', 'https://example.com/avajohnson.jpg', '333-444-5555', 'F', 'USA', 29),
('Ethan Williams', 'ethanwilliams@example.com', 'ethanpass456', 'https://example.com/ethanwilliams.jpg', '111-222-3333', 'M', 'UK', 31),
('Isabella Martin', 'isabella@example.com', 'isabellapass789', 'https://example.com/isabella.jpg', '555-555-5555', 'F', 'Australia', 22),
('Noah Harris', 'noah@example.com', 'noahpass123', 'https://example.com/noah.jpg', '777-777-7777', 'M', 'Spain', 35),
('Emma Davis', 'emma@example.com', 'emmapass456', 'https://example.com/emmadavis.jpg', '999-999-9999', 'F', 'Canada', 26),
('Michael Wilson', 'michaelwilson@example.com', 'michaelpass789', 'https://example.com/michaelwilson.jpg', '333-333-3333', 'M', 'Italy', 38),
('Sophia Taylor', 'sophiataylor@example.com', 'sophiapass123', 'https://example.com/sophiataylor.jpg', '666-666-6666', 'F', 'Australia', 27),
('Liam Brown', 'liambrown@example.com', 'liampass456', 'https://example.com/liambrown.jpg', '222-222-2222', 'M', 'Germany', 30),
('Ava Johnson', 'avajohnson@example.com', 'avapass789', 'https://example.com/avajohnson.jpg', '444-444-4444', 'F', 'USA', 31),
('Ethan Smith', 'ethansmith@example.com', 'ethanpass123', 'https://example.com/ethansmith.jpg', '111-111-1111', 'M', 'UK', 28),
('Isabella Davis', 'isabelladavis@example.com', 'isabellapass456', 'https://example.com/isabelladavis.jpg', '555-555-5555', 'F', 'Australia', 24),
('Noah Wilson', 'noahwilson@example.com', 'noahpass789', 'https://example.com/noahwilson.jpg', '777-777-7777', 'M', 'Canada', 29),
('Emma Harris', 'emmaharris@example.com', 'emmapass123', 'https://example.com/emmaharris.jpg', '999-999-9999', 'F', 'USA', 32),
('Michael Davis', 'michaeldavis@example.com', 'michaelpass456', 'https://example.com/michaeldavis.jpg', '333-333-3333', 'M', 'UK', 37),
('Sophia Wilson', 'sophiawilson@example.com', 'sophiapass789', 'https://example.com/sophiawilson.jpg', '666-666-6666', 'F', 'Australia', 26);


INSERT INTO Countries (CountryName, Code)
VALUES
('United States', 'USA'),
('Canada', 'CAN'),
('United Kingdom', 'UK'),
('Australia', 'AUS'),
('France', 'FRA'),
('Germany', 'GER'),
('Italy', 'ITA'),
('Spain', 'ESP'),
('Japan', 'JPN'),
('China', 'CHN'),
('Brazil', 'BRA'),
('Russia', 'RUS'),
('India', 'IND'),
('South Korea', 'KOR'),
('Mexico', 'MEX'),
('Argentina', 'ARG'),
('Netherlands', 'NLD'),
('Sweden', 'SWE'),
('Switzerland', 'CHE'),
('New Zealand', 'NZL'),
('Singapore', 'SGP'),
('Thailand', 'THA'),
('Vietnam', 'VNM'),
('South Africa', 'ZAF'),
('Turkey', 'TUR'),
('Greece', 'GRC'),
('Egypt', 'EGY'),
('Saudi Arabia', 'SAU'),
('United Arab Emirates', 'ARE'),
('Israel', 'ISR');

INSERT INTO Cities (CityName, CountryID, Population)
VALUES
('New York', 1, 8500000),
('Los Angeles', 1, 3900000),
('Toronto', 2, 2800000),
('Vancouver', 2, 675218),
('London', 3, 8900000),
('Manchester', 3, 545500),
('Sydney', 4, 5300000),
('Melbourne', 4, 4880000),
('Paris', 5, 2200000),
('Marseille', 5, 861635),
('Berlin', 6, 3800000),
('Munich', 6, 1471508),
('Rome', 7, 2800000),
('Milan', 7, 1404239),
('Madrid', 8, 3207247),
('Barcelona', 8, 1621537),
('Tokyo', 9, 13900000),
('Osaka', 9, 2691000),
('Beijing', 10, 21540000),
('Shanghai', 10, 24183300),
('Sao Paulo', 11, 12325232),
('Rio de Janeiro', 11, 6718903),
('Moscow', 12, 12615882),
('Saint Petersburg', 12, 5351935),
('Mumbai', 13, 12442373),
('New Delhi', 13, 14200404),
('Seoul', 14, 9776000),
('Busan', 14, 3403135),
('Mexico City', 15, 9185840),
('Guadalajara', 15, 1460148),
('Buenos Aires', 16, 2890151),
('Cordoba', 16, 1391468),
('Amsterdam', 17, 821752),
('Rotterdam', 17, 651446),
('Stockholm', 18, 1515017),
('Gothenburg', 18, 583056),
('Zurich', 19, 434008),
('Geneva', 19, 201818),
('Auckland', 20, 1695000),
('Wellington', 20, 210400),
('Singapore', 21, 5612000),
('Bangkok', 22, 8280925),
('Ho Chi Minh City', 23, 8528000),
('Hanoi', 23, 7831331),
('Cape Town', 24, 4336881),
('Johannesburg', 24, 4434827),
('Istanbul', 25, 15251851),
('Ankara', 25, 5564917),
('Athens', 26, 3153355),
('Thessaloniki', 26, 1110461),
('Cairo', 27, 9504554),
('Alexandria', 27, 5088281),
('Riyadh', 28, 7800000),
('Jeddah', 28, 3476297),
('Dubai', 29, 3172633),
('Abu Dhabi', 29, 1482816),
('Tel Aviv', 30, 451523),
('Jerusalem', 30, 919438);

INSERT INTO guests (userid, joindate)
VALUES
(1, '2023-08-01'),
(2, '2023-08-02'),
(3, '2023-08-03'),
(4, '2023-08-04'),
(5, '2023-08-05'),
(6, '2023-08-06'),
(7, '2023-08-07'),
(8, '2023-08-08'),
(9, '2023-08-09'),
(10, '2023-08-10'),
(11, '2023-08-11'),
(12, '2023-08-12'),
(13, '2023-08-13'),
(14, '2023-08-14'),
(15, '2023-08-15'),
(16, '2023-08-16'),
(17, '2023-08-17'),
(18, '2023-08-18'),
(19, '2023-08-19'),
(20, '2023-08-20'),
(21, '2023-08-21'),
(22, '2023-08-22'),
(23, '2023-08-23'),
(24, '2023-08-24'),
(25, '2023-08-25'),
(26, '2023-08-26'),
(27, '2023-08-27'),
(28, '2023-08-28'),
(29, '2023-08-29'),
(30, '2023-08-30');


INSERT INTO hosts (aboutme, verificationstatus, joindate, userid)
VALUES
('Experienced host offering great accommodations.', 1, '2023-08-01', 4),
('Friendly host excited to meet new guests!', 0, '2023-08-02', 5),
('Passionate host providing unique stays.', 1, '2023-08-03', 6),
('Experienced host with cozy homes.', 1, '2023-08-04', 7),
('Warm host providing a home away from home.', 0, '2023-08-05', 8),
('Adventurous host offering unique travel experiences.', 1, '2023-08-06', 9),
('Enthusiastic host with local insights.', 0, '2023-08-07', 10),
('Reliable host ensuring a comfortable stay.', 1, '2023-08-08', 11),
('Charming host welcoming guests with open arms.', 1, '2023-08-09', 12),
('Knowledgeable host sharing the best local spots.', 0, '2023-08-10', 13),
('Attentive host catering to your needs.', 1, '2023-08-11', 14),
('Energetic host creating memorable stays.', 0, '2023-08-12', 15),
('Friendly host excited to welcome guests.', 1, '2023-08-13', 16),
('Experienced host offering comfortable stays.', 1, '2023-08-14', 17),
('Welcoming host with a passion for hospitality.', 0, '2023-08-15', 18),
('Enthusiastic host eager to share local culture.', 1, '2023-08-16', 19),
('Experienced host providing exceptional service.', 0, '2023-08-17', 20),
('Caring host making your stay unforgettable.', 1, '2023-08-18', 21),
('Passionate host committed to guest satisfaction.', 1, '2023-08-19', 22),
('Friendly host excited to meet travelers!', 0, '2023-08-20', 23),
('Experienced host with a variety of accommodations.', 1, '2023-08-21', 24),
('Welcoming host offering cozy and clean homes.', 0, '2023-08-22', 25);




INSERT INTO accom (hostid, title, description, createdate)
VALUES
(1, 'Cozy Downtown Apartment', 'A comfortable apartment in the heart of the city.', '2023-08-01'),
(2, 'Seaside Villa with Stunning Views', 'Relax and enjoy the beachfront in this beautiful villa.', '2023-08-02'),
(3, 'Mountain Cabin Retreat', 'Escape to the mountains and unwind in this cozy cabin.', '2023-08-03'),
(4, 'Urban Loft with Modern Design', 'Experience city living in this stylish loft.', '2023-08-04'),
(5, 'Luxurious Resort by the Ocean', 'Indulge in luxury at this oceanfront resort.', '2023-08-05'),
(6, 'Rustic Chalet in the Woods', 'Embrace nature in this charming chalet surrounded by trees.', '2023-08-06'),
(7, 'Charming Cottage in the Countryside', 'Get away from it all in this idyllic countryside cottage.', '2023-08-07'),
(8, 'Modern Apartment with City Views', 'Enjoy city skyline views from this sleek apartment.', '2023-08-08'),
(9, 'Quaint Studio near Local Attractions', 'Explore the city\'s attractions from this conveniently located studio.', '2023-08-09'),
(10, 'Tranquil Lakeside Cabin', 'Unwind by the lake in this peaceful cabin.', '2023-08-10'),
(11, 'Historic Mansion Experience', 'Step back in time in this grand historic mansion.', '2023-08-11'),
(12, 'Chic Loft in Art District', 'Immerse yourself in the local art scene in this trendy loft.', '2023-08-12'),
(1, 'Secluded Forest Retreat', 'Disconnect from the world in this hidden forest retreat.', '2023-08-13'),
(2, 'Country Farmhouse Getaway', 'Experience farm life in this charming country farmhouse.', '2023-08-14'),
(3, 'Elegant Penthouse with Skyline Views', 'Indulge in luxury at this upscale penthouse.', '2023-08-15'),
(4, 'Sunny Beachfront Bungalow', 'Soak up the sun on the beach in this cozy bungalow.', '2023-08-16'),
(5, 'Chic Urban Studio', 'Experience city living in this trendy urban studio.', '2023-08-17'),
(6, 'Mountain Lodge Retreat', 'Escape to the mountains and relax in this cozy lodge.', '2023-08-18'),
(7, 'Rural Cottage with Scenic Views', 'Enjoy panoramic views in this charming rural cottage.', '2023-08-19'),
(8, 'Modern Condo in Business District', 'Stay in the heart of the business district in this sleek condo.', '2023-08-20'),
(9, 'Cozy Countryside Cabin', 'Experience the serenity of the countryside in this cozy cabin.', '2023-08-21'),
(10, 'Charming Lakeside Cottage', 'Enjoy lakeside living in this charming and serene cottage.', '2023-08-22'),
(11, 'Stylish Apartment near Cultural Hotspots', 'Immerse yourself in local culture from this centrally located apartment.', '2023-08-23'),
(12, 'Rustic Farmhouse Retreat', 'Experience the rustic charm of a farmhouse in this peaceful retreat.', '2023-08-24'),
(1, 'Modern Loft with Skyline Views', 'Enjoy breathtaking city views from this contemporary loft.', '2023-08-25'),
(2, 'Secluded Mountain Cabin', 'Escape to the mountains and disconnect in this secluded cabin.', '2023-08-26'),
(3, 'Oceanfront Retreat with Private Beach', 'Relax on your private beach in this luxurious oceanfront retreat.', '2023-08-27'),
(4, 'Chic Studio in Artsy Neighborhood', 'Explore local art scenes from this stylish studio in an artsy area.', '2023-08-28'),
(5, 'Luxury Urban Condo', 'Experience urban luxury in this high-end and modern condo.', '2023-08-29');



INSERT INTO locations (locationname, longitude, latitude, address)
VALUES
('Downtown Area', -73.9857, 40.7488, '123 Main St, City'),
('Beachfront', -118.2437, 34.0522, '456 Ocean Ave, Coast'),
('Mountain Retreat', -79.3832, 43.6532, '789 Pine Rd, Mountains'),
('Countryside', -89.3985, 36.7783, '101 Meadow Ln, Countryside'),
('Urban Center', -0.1278, 51.5074, '789 Urban St, Metropolis'),
('Historic District', 2.3522, 48.8566, '654 Heritage Rd, Town'),
('Secluded Island', 139.6503, 35.6895, '987 Island Rd, Oasis'),
('Desert Oasis', -115.1728, 36.1146, '321 Sand Dune St, Desert'),
('Lakefront View', -73.4257, 45.4215, '555 Lakeview Dr, Lakeside'),
('Wooded Haven', -77.0369, 38.9072, '444 Forest Rd, Woods'),
('City Center', -87.6298, 41.8781, '222 Downtown Blvd, City'),
('Coastal Escape', -123.1207, 49.2827, '777 Coastal Rd, Coast'),
('Hillside Retreat', -122.4194, 37.7749, '888 Hillside Dr, Hills'),
('Rural Village', -88.7879, 30.6954, '666 Village Ln, Village'),
('Cultural District', -4.2518, 40.4637, '333 Culture St, District'),
('Tropical Paradise', -61.2225, 13.1939, '111 Palm Beach, Paradise'),
('Snowy Wonderland', -106.6291, 53.5444, '555 Snowy Rd, Snowland'),
('Meadow Meadows', -100.0771, 35.1495, '444 Meadow Rd, Meadows'),
('Cosmopolitan Corner', -3.7038, 40.4168, '222 City Plaza, Corner'),
('Riverside Hideout', -87.6291, 41.8781, '777 Riverside Dr, Riverside'),
('Urban Hub', 0, 0, '123 Urban Rd, Hub'),
('Island Getaway', 0, 0, '456 Island Rd, Getaway'),
('Desert Retreat', 0, 0, '789 Desert Rd, Retreat'),
('Lakeside Oasis', 0, 0, '101 Lakeside Dr, Oasis'),
('Meadow Escape', 0, 0, '789 Meadow Rd, Escape');



INSERT INTO facilities (facilityname)
VALUES
('Gym'),
('Parking Garage'),
('Spa'),
('Swimming Pool'),
('Restaurant'),
('Bar'),
('Conference Room'),
('Kids Play Area'),
('Laundry Room'),
('Pet-Friendly Area'),
('Fitness Center'),
('Tennis Court'),
('Business Center'),
('Sauna'),
('Hot Tub'),
('Game Room'),
('Cafeteria'),
('Outdoor Lounge'),
('Bike Storage'),
('Movie Theater'),
('Library'),
('BBQ Area'),
('Yoga Studio'),
('Lobby Lounge'),
('Roof Deck'),
('Garden'),
('Elevator'),
('Security Staff'),
('24/7 Reception'),
('Valet Parking');


INSERT INTO Tags (tagname)
VALUES
('Family-Friendly'),
('Luxury'),
('Budget-Friendly'),
('Beachfront'),
('Mountain Views'),
('Urban'),
('Rural'),
('Historic'),
('Relaxing'),
('Adventure'),
('Romantic'),
('City Life'),
('Cultural'),
('Pet-Friendly'),
('Business Travel'),
('Wellness'),
('Entertainment'),
('Nature Retreat'),
('Skiing'),
('Shopping'),
('Waterfront'),
('Art and Culture'),
('Food and Dining'),
('Nightlife'),
('Hiking'),
('Beach Activities'),
('Golf'),
('Sightseeing'),
('Outdoor Adventure'),
('Relaxation');


INSERT INTO accomfacilities (accomid, facilityid)
VALUES
(1, 1),
(1, 2),
(1, 3),
(2, 4),
(2, 5),
(2, 6),
(3, 7),
(3, 8),
(3, 9),
(4, 10),
(4, 11),
(4, 12),
(5, 1),
(5, 2),
(5, 3),
(6, 4),
(6, 5),
(6, 6),
(7, 7),
(7, 8),
(7, 9),
(8, 10),
(8, 11),
(8, 12),
(9, 1),
(9, 2),
(9, 3),
(10, 4),
(10, 5),
(10, 6);




INSERT INTO accomtag (accomid, tagid)
VALUES
(1, 1),
(2, 2),
(3, 3),
(4, 4),
(5, 5),
(6, 6),
(7, 7),
(8, 8),
(9, 9),
(10, 10),
(11, 11),
(12, 12),
(13, 13),
(14, 14),
(15, 15),
(16, 16),
(17, 17),
(18, 18),
(19, 19),
(20, 20);



INSERT INTO Amenities (AmenityName)
VALUES
('Gym'),
('Spa'),
('Restaurant'),
('Bar'),
('Conference Room'),
('Kids Play Area'),
('Laundry Room'),
('Pet-Friendly Area'),
('Air Conditioning'),
('Heating'),
('Swimming Pool'),
('Fitness Center'),
('Tennis Court'),
('Business Center'),
('Sauna'),
('Hot Tub'),
('Game Room'),
('Cafeteria'),
('Outdoor Lounge'),
('Bike Storage');


INSERT INTO AccomAmenity (AccomID, AmenityID)
VALUES
(1, 1),
(2, 2),
(3, 3),
(4, 4),
(5, 5),
(6, 6),
(7, 7),
(8, 8),
(9, 9),
(10, 10),
(11, 1),
(12, 2),
(1, 3),
(2, 4),
(3, 5),
(4, 6),
(5, 7),
(6, 8),
(7, 9),
(8, 10);


INSERT INTO AccomCountry (AccomID, CountryID)
VALUES
(1, 1),
(2, 2),
(3, 1),
(4, 1),
(5, 2),
(6, 1),
(7, 3),
(8, 1),
(9, 2),
(10, 1),
(11, 4),
(12, 3),
(1, 4),
(2, 2),
(3, 1),
(4, 4),
(5, 2),
(6, 1),
(7, 3),
(8, 4);


INSERT INTO accomcity (accomid, cityid)
VALUES
(1, 1),
(2, 2),
(3, 3),
(4, 4),
(5, 5),
(6, 6),
(7, 7),
(8, 8),
(9, 9),
(10, 10),
(11, 1),
(12, 2),
(13, 3),
(14, 4),
(15, 5),
(16, 6),
(17, 7),
(18, 8),
(19, 9),
(20, 10),
(21, 1),
(22, 2),
(23, 3),
(24, 4),
(25, 5),
(26, 6),
(27, 7),
(28, 8),
(29, 9);


INSERT INTO rules (ruledescription)
VALUES
('No smoking allowed.'),
('Pets are welcome.'),
('Quiet hours after 10 PM.'),
('Shoes off inside the accommodation.'),
('Guests must show valid ID upon check-in.'),
('No unregistered guests allowed.'),
('Please keep the common areas clean.'),
('Keep noise levels reasonable during your stay.'),
('Please respect the privacy of other guests.'),
('No parties or events allowed.'),
('Dispose of trash in designated bins.'),
('Lock the door when leaving the accommodation.'),
('Do not rearrange furniture.'),
('Turn off lights and appliances when not in use.'),
('Keep windows closed when using heating or cooling.'),
('Use water responsibly.'),
('Follow recycling guidelines.'),
('Report any maintenance issues promptly.'),
('Check-out time is 11:00 AM.'),
('Follow host instructions for key return.'),
('Do not disturb the neighbors.'),
('No illegal activities allowed on the property.'),
('Keep personal belongings secure.'),
('Notify host of any early or late check-in/out requests.'),
('Be mindful of energy consumption.'),
('Keep the bathroom clean and tidy.'),
('Use appliances and amenities responsibly.'),
('Observe local laws and regulations.'),
('Do not remove any items from the accommodation.'),
('Notify the host of any changes to your booking.'),
('Do not use towels or linens to clean shoes or other items.'),
('Close windows and lock doors when leaving the accommodation.'),
('No food or drinks in the bedroom.'),
('Respect the host\'s property and belongings.'),
('Guests must adhere to COVID-19 safety guidelines.'),
('Follow host instructions for garbage disposal.'),
('Keep noise levels down in common areas.'),
('Use the provided parking space only.'),
('Do not tamper with smoke detectors or fire alarms.'),
('Guests must use their designated space for personal belongings.'),
('Observe the local culture and customs.'),
('Report any accidents or incidents to the host.'),
('No unauthorized guests allowed in the accommodation.'),
('Maintain a respectful and friendly attitude towards neighbors and hosts.');

INSERT INTO AccomRule (AccomID, RuleID)
VALUES
(1, 1),
(2, 2),
(3, 3),
(4, 1),
(5, 2),
(6, 3),
(7, 1),
(8, 2),
(9, 3),
(10, 1),
(11, 2),
(12, 3),
(13, 1),
(14, 2),
(15, 3),
(16, 1),
(17, 2),
(18, 3),
(19, 1),
(20, 2),
(21, 3),
(22, 1),
(23, 2),
(24, 3),
(25, 1),
(26, 2),
(27, 3),
(28, 1),
(29, 2);


INSERT INTO specialoffers (accomid, offertitle, offerdescription, offerdiscount, offerexpirationdate, hostid)
VALUES
(1, 'Summer Getaway', 'Enjoy 20% off for bookings in August.', 20, '2023-08-31', 1),
(2, 'Weekend Retreat', 'Book 3 nights, get the 4th night free!', 25, '2023-09-15', 2),
(3, 'Last Minute Deal', 'Get 30% off for bookings within 7 days.', 30, '2023-08-25', 3),
(4, 'Extended Stay Discount', 'Stay longer and save 15% on your booking.', 15, '2023-10-01', 4),
(5, 'Family Vacation Package', 'Special package for families with kids, including activities.', 10, '2023-09-30', 5),
(6, 'Adventure Bundle', 'Book accommodations and get 20% off on local adventure tours.', 20, '2023-08-20', 6),
(7, 'Business Travelers Offer', 'Business travelers receive 10% off for weekday stays.', 10, '2023-09-10', 7),
(8, 'Seasonal Escape', 'Escape the winter with 15% off bookings in December.', 15, '2023-12-31', 8),
(9, 'Romantic Getaway Special', 'Couples enjoy a romantic package with champagne and roses.', 12, '2023-09-25', 9),
(10, 'Holiday Celebration', 'Celebrate the holidays with 20% off on festive stays.', 20, '2023-12-20', 10),
(11, 'Honeymoon Package', 'Newlyweds enjoy a special honeymoon package with spa treatments.', 15, '2023-10-31', 11),
(12, 'Group Booking Discount', 'Book multiple rooms and get 15% off for group stays.', 15, '2023-11-15', 12),
(13, 'Summer Camp Retreat', 'Families can enjoy outdoor activities with 25% off.', 25, '2023-08-15', 13),
(14, 'Senior Citizen Discount', 'Seniors receive 10% off for bookings.', 10, '2023-09-30', 14),
(15, 'Cultural Experience Offer', 'Experience local culture with 20% off on guided tours.', 20, '2023-09-10', 15),
(16, 'Wellness Retreat', 'Enjoy a wellness retreat with yoga sessions and healthy meals.', 15, '2023-10-15', 16),
(17, 'Weekday Escapes', 'Book on weekdays and get 15% off for a relaxing escape.', 15, '2023-09-20', 17),
(18, 'Anniversary Special', 'Celebrate your anniversary with a romantic package.', 10, '2023-11-05', 18),
(19, 'Business Workshop Package', 'Host your business workshop with special discounts.', 15, '2023-11-30', 19),
(20, 'Spring Break Savings', 'Students get 20% off for spring break bookings.', 20, '2023-04-30', 20);


INSERT INTO photos (photolink)
VALUES
('https://example.com/photo1.jpg'),
('https://example.com/photo2.jpg'),
('https://example.com/photo3.jpg'),
('https://example.com/photo4.jpg'),
('https://example.com/photo5.jpg'),
('https://example.com/photo6.jpg'),
('https://example.com/photo7.jpg'),
('https://example.com/photo8.jpg'),
('https://example.com/photo9.jpg'),
('https://example.com/photo10.jpg'),
('https://example.com/photo11.jpg'),
('https://example.com/photo12.jpg'),
('https://example.com/photo13.jpg'),
('https://example.com/photo14.jpg'),
('https://example.com/photo15.jpg'),
('https://example.com/photo16.jpg'),
('https://example.com/photo17.jpg'),
('https://example.com/photo18.jpg'),
('https://example.com/photo19.jpg'),
('https://example.com/photo20.jpg');


INSERT INTO Bookings (GuestID, AccomID, inDate, outDate, TotalPrice, Status)
VALUES
(1, 1, '2023-08-10', '2023-08-15', 500.00, '1'),
(2, 2, '2023-09-01', '2023-09-05', 750.00, '0'),
(3, 3, '2023-08-20', '2023-08-25', 600.00, '1'),
(4, 4, '2023-09-10', '2023-09-15', 700.00, '0'),
(5, 5, '2023-09-25', '2023-09-30', 800.00, '1'),
(6, 6, '2023-10-01', '2023-10-05', 450.00, '1'),
(7, 7, '2023-10-15', '2023-10-20', 550.00, '0'),
(8, 8, '2023-11-01', '2023-11-05', 900.00, '1'),
(9, 9, '2023-11-20', '2023-11-25', 650.00, '1'),
(10, 10, '2023-12-01', '2023-12-05', 350.00, '0'),
(11, 1, '2023-12-10', '2023-12-15', 750.00, '1'),
(12, 2, '2023-12-20', '2023-12-25', 600.00, '1'),
(13, 3, '2023-12-30', '2024-01-05', 850.00, '0'),
(14, 4, '2023-08-15', '2023-08-20', 600.00, '1'),
(15, 5, '2023-09-05', '2023-09-10', 700.00, '0'),
(16, 6, '2023-09-20', '2023-09-25', 550.00, '1'),
(17, 7, '2023-10-05', '2023-10-10', 600.00, '1'),
(18, 8, '2023-10-25', '2023-10-30', 750.00, '0'),
(19, 9, '2023-11-05', '2023-11-10', 800.00, '1'),
(20, 10, '2023-12-10', '2023-12-15', 450.00, '0'),
(21, 1, '2023-08-22', '2023-08-27', 550.00, '1'),
(22, 2, '2023-09-10', '2023-09-15', 600.00, '1'),
(23, 3, '2023-09-28', '2023-10-03', 750.00, '0'),
(24, 4, '2023-10-13', '2023-10-18', 700.00, '1'),
(25, 5, '2023-10-25', '2023-10-30', 800.00, '1'),
(26, 6, '2023-11-05', '2023-11-10', 450.00, '0'),
(27, 7, '2023-11-15', '2023-11-20', 600.00, '1'),
(28, 8, '2023-12-05', '2023-12-10', 900.00, '0'),
(29, 9, '2023-12-20', '2023-12-25', 650.00, '1'),
(30, 10, '2023-12-27', '2024-01-01', 400.00, '1');




INSERT INTO bookingextensions (bookingid, newoutdate, extensiondate)
VALUES
(1, '2023-08-20', '2023-08-15'),
(2, '2023-09-08', '2023-09-05'),
(3, '2023-08-30', '2023-08-25'),
(4, '2023-09-15', '2023-09-12'),
(5, '2023-09-25', '2023-09-20'),
(6, '2023-10-05', '2023-10-02'),
(7, '2023-10-20', '2023-10-15'),
(8, '2023-11-10', '2023-11-05'),
(9, '2023-11-30', '2023-11-25'),
(10, '2023-12-15', '2023-12-10'),
(11, '2023-08-27', '2023-08-22'),
(12, '2023-09-12', '2023-09-08'),
(13, '2023-10-03', '2023-09-28'),
(14, '2023-10-18', '2023-10-13'),
(15, '2023-10-30', '2023-10-25'),
(16, '2023-11-10', '2023-11-05'),
(17, '2023-11-25', '2023-11-20'),
(18, '2023-12-10', '2023-12-05'),
(19, '2023-12-25', '2023-12-20'),
(20, '2023-12-31', '2023-12-27');



INSERT INTO cancellations (bookingid, cancellationdate, cancellationreason)
VALUES
(1, '2023-08-08', 'Change of plans'),
(2, '2023-09-03', 'Emergency situation'),
(3, '2023-08-23', 'Unforeseen circumstances'),
(4, '2023-09-10', 'Health issues'),
(5, '2023-09-15', 'Travel restrictions'),
(6, '2023-10-02', 'Weather-related concerns'),
(7, '2023-10-17', 'Double booking'),
(8, '2023-11-05', 'Financial constraints'),
(9, '2023-11-20', 'Personal reasons'),
(10, '2023-12-12', 'Work commitments'),
(11, '2023-08-25', 'Change of plans'),
(12, '2023-09-08', 'Emergency situation'),
(13, '2023-09-30', 'Unforeseen circumstances'),
(14, '2023-10-12', 'Health issues'),
(15, '2023-10-20', 'Travel restrictions'),
(16, '2023-11-01', 'Weather-related concerns'),
(17, '2023-11-15', 'Double booking'),
(18, '2023-12-05', 'Financial constraints'),
(19, '2023-12-18', 'Personal reasons'),
(20, '2023-12-28', 'Work commitments');


INSERT INTO commisions (bookingid, guestcommision, hostcommision, totalcommision)
VALUES
(1, 25.00, 50.00, 75.00),
(2, 30.00, 45.00, 75.00),
(3, 20.00, 40.00, 60.00),
(4, 15.00, 35.00, 50.00),
(5, 22.00, 42.00, 64.00),
(6, 28.00, 48.00, 76.00),
(7, 18.00, 38.00, 56.00),
(8, 24.00, 44.00, 68.00),
(9, 26.00, 46.00, 72.00),
(10, 32.00, 52.00, 84.00),
(11, 27.00, 47.00, 74.00),
(12, 29.00, 49.00, 78.00),
(13, 23.00, 43.00, 66.00),
(1, 21.00, 41.00, 62.00),
(2, 31.00, 51.00, 82.00),
(3, 17.00, 37.00, 54.00),
(7, 19.00, 39.00, 58.00),
(8, 33.00, 53.00, 86.00),
(9, 16.00, 36.00, 52.00),
(0, 34.00, 54.00, 88.00),
(14, 20.00, 40.00, 60.00),
(15, 25.00, 45.00, 70.00),
(16, 18.00, 38.00, 56.00),
(17, 22.00, 42.00, 64.00),
(18, 28.00, 48.00, 76.00),
(19, 15.00, 35.00, 50.00),
(20, 23.00, 43.00, 66.00),
(21, 27.00, 47.00, 74.00),
(22, 19.00, 39.00, 58.00),
(23, 21.00, 41.00, 62.00),
(24, 30.00, 50.00, 80.00),
(25, 16.00, 36.00, 52.00),
(26, 24.00, 44.00, 68.00),
(27, 32.00, 52.00, 84.00),
(28, 17.00, 37.00, 54.00),
(29, 26.00, 46.00, 72.00),
(30, 33.00, 53.00, 86.00);



INSERT INTO Payments (BookingID, Amount, PayDate, PayMethod, PayStatus)
VALUES
(1, 200.00, '2023-08-10', 'Credit Card', 1),
(2, 300.00, '2023-08-12', 'PayPal', 1),
(3, 250.00, '2023-08-15', 'Bank Transfer', 0),
(4, 150.00, '2023-08-18', 'Credit Card', 1),
(5, 180.00, '2023-08-20', 'PayPal', 1),
(6, 220.00, '2023-08-22', 'Bank Transfer', 0),
(7, 170.00, '2023-08-25', 'Credit Card', 1),
(8, 280.00, '2023-08-28', 'PayPal', 1),
(9, 210.00, '2023-08-30', 'Bank Transfer', 0),
(10, 230.00, '2023-09-02', 'Credit Card', 1),
(11, 180.00, '2023-09-05', 'PayPal', 1),
(12, 250.00, '2023-09-08', 'Bank Transfer', 0),
(13, 220.00, '2023-09-11', 'Credit Card', 1),
(14, 170.00, '2023-09-14', 'PayPal', 1),
(15, 280.00, '2023-09-17', 'Bank Transfer', 0),
(16, 210.00, '2023-09-20', 'Credit Card', 1),
(17, 230.00, '2023-09-23', 'PayPal', 1),
(18, 190.00, '2023-09-26', 'Bank Transfer', 0),
(19, 200.00, '2023-09-29', 'Credit Card', 1),
(20, 290.00, '2023-10-02', 'PayPal', 1),
(21, 240.00, '2023-10-05', 'Bank Transfer', 0),
(22, 170.00, '2023-10-08', 'Credit Card', 1),
(23, 210.00, '2023-10-11', 'PayPal', 1),
(24, 280.00, '2023-10-14', 'Bank Transfer', 0),
(25, 260.00, '2023-10-17', 'Credit Card', 1),
(26, 220.00, '2023-10-20', 'PayPal', 1),
(27, 240.00, '2023-10-23', 'Bank Transfer', 0),
(28, 200.00, '2023-10-26', 'Credit Card', 1),
(29, 190.00, '2023-10-29', 'PayPal', 1),
(30, 270.00, '2023-11-01', 'Bank Transfer', 0);



INSERT INTO accomphotos (photoid, accomid)
VALUES
(1, 1),
(2, 2),
(3, 3),
(4, 4),
(5, 5),
(6, 6),
(7, 7),
(8, 8),
(9, 9),
(10, 10),
(11, 11),
(12, 12),
(13, 13),
(14, 14),
(15, 15),
(16, 16),
(17, 17),
(18, 18),
(19, 19),
(20, 20);


INSERT INTO notifications (userid, notificationmessage, notificationdate)
VALUES
(1, 'New booking request received.', '2023-08-05 10:30:00'),
(2, 'Your special offer was accepted!', '2023-08-06 14:15:00'),
(3, 'Host has responded to your inquiry.', '2023-08-07 09:00:00'),
(1, 'Check-in instructions for your stay.', '2023-08-08 16:00:00'),
(4, 'Reminder: Check-out is tomorrow.', '2023-08-09 11:30:00'),
(2, 'Thank you for staying with us!', '2023-08-10 12:45:00'),
(5, 'New message from the host.', '2023-08-11 08:20:00'),
(3, 'Upcoming event near your accommodation.', '2023-08-12 17:10:00'),
(6, 'Reminder: Leave a review for your stay.', '2023-08-13 09:30:00'),
(4, 'Your booking has been confirmed.', '2023-08-14 14:00:00'),
(7, 'New booking request received.', '2023-08-15 10:30:00'),
(8, 'Your special offer was accepted!', '2023-08-16 14:15:00'),
(9, 'Host has responded to your inquiry.', '2023-08-17 09:00:00'),
(10, 'Check-in instructions for your stay.', '2023-08-18 16:00:00'),
(11, 'Reminder: Check-out is tomorrow.', '2023-08-19 11:30:00'),
(12, 'Thank you for staying with us!', '2023-08-20 12:45:00'),
(13, 'New message from the host.', '2023-08-21 08:20:00'),
(14, 'Upcoming event near your accommodation.', '2023-08-22 17:10:00'),
(15, 'Reminder: Leave a review for your stay.', '2023-08-23 09:30:00'),
(16, 'Your booking has been confirmed.', '2023-08-24 14:00:00'),
(17, 'Reminder: Upcoming event near your accommodation.', '2023-08-25 10:00:00'),
(18, 'New booking request received.', '2023-08-26 14:30:00'),
(19, 'Your special offer was accepted!', '2023-08-27 09:15:00'),
(20, 'Host has responded to your inquiry.', '2023-08-28 16:30:00'),
(1, 'Check-in instructions for your stay.', '2023-08-29 11:00:00'),
(2, 'Reminder: Check-out is tomorrow.', '2023-08-30 12:00:00'),
(3, 'Thank you for staying with us!', '2023-08-31 15:45:00'),
(4, 'New message from the host.', '2023-09-01 13:20:00'),
(5, 'Upcoming event near your accommodation.', '2023-09-02 18:30:00'),
(6, 'Reminder: Leave a review for your stay.', '2023-09-03 14:10:00'),
(7, 'Your booking has been confirmed.', '2023-09-04 17:00:00'),
(8, 'Reminder: Upcoming event near your accommodation.', '2023-09-05 09:45:00'),
(9, 'New booking request received.', '2023-09-06 14:00:00'),
(10, 'Your special offer was accepted!', '2023-09-07 11:15:00'),
(11, 'Host has responded to your inquiry.', '2023-09-08 13:30:00'),
(12, 'Check-in instructions for your stay.', '2023-09-09 16:20:00'),
(13, 'Reminder: Check-out is tomorrow.', '2023-09-10 10:30:00'),
(14, 'Thank you for staying with us!', '2023-09-11 12:40:00'),
(15, 'New message from the host.', '2023-09-12 15:50:00'),
(16, 'Upcoming event near your accommodation.', '2023-09-13 17:45:00'),
(17, 'Reminder: Leave a review for your stay.', '2023-09-14 13:10:00');

INSERT INTO Messaging (SenderID, ReceiverID, MessageContent, MessageDate)
VALUES
(1, 2, 'Hello there!', '2023-08-05 08:30:00'),
(2, 1, 'Hi! How are you?', '2023-08-06 10:15:00'),
(1, 3, 'Good morning!', '2023-08-07 07:45:00'),
(3, 1, 'Hey! Have a great day!', '2023-08-08 12:00:00'),
(2, 3, 'Hi! Ready for the trip?', '2023-08-09 15:30:00'),
(3, 2, 'Absolutely! Can\'t wait!', '2023-08-10 18:20:00'),
(1, 2, 'Just arrived at the accommodation!', '2023-08-11 14:00:00'),
(2, 1, 'Awesome! How\'s it looking?', '2023-08-12 16:45:00'),
(1, 3, 'It\'s fantastic! Great choice!', '2023-08-13 09:30:00'),
(3, 1, 'Glad to hear that! Enjoy!', '2023-08-14 11:15:00'),
(2, 3, 'Excited for our adventure!', '2023-08-15 10:30:00'),
(3, 2, 'Me too! It\'s going to be amazing!', '2023-08-16 12:45:00'),
(1, 2, 'Hey, remember to pack your swimsuit!', '2023-08-17 14:00:00'),
(2, 1, 'Thanks for the reminder! I\'ll make sure to bring it!', '2023-08-18 16:15:00'),
(3, 1, 'Just saw some great restaurants nearby!', '2023-08-19 09:30:00'),
(1, 3, 'Sounds great! We\'ll have to check them out.', '2023-08-20 11:45:00'),
(2, 3, 'What\'s the weather forecast for tomorrow?', '2023-08-21 14:00:00'),
(3, 2, 'Looks like it\'s going to be sunny with a high of 28°C.', '2023-08-22 16:15:00'),
(1, 2, 'Perfect beach weather!', '2023-08-23 10:30:00'),
(2, 1, 'Absolutely! Get ready for some fun!', '2023-08-24 12:45:00'),
(1, 3, 'Just got back from a hiking trip.', '2023-08-25 14:00:00'),
(3, 1, 'How was it? I\'ve heard the views are breathtaking!', '2023-08-26 16:15:00'),
(2, 3, 'The views were indeed incredible!', '2023-08-27 09:30:00'),
(3, 2, 'I\'ll have to join you on the next one!', '2023-08-28 11:45:00'),
(1, 2, 'Leaving tomorrow, but it\'s been an amazing stay!', '2023-08-29 14:00:00'),
(2, 1, 'Safe travels back! Thanks for the great company!', '2023-08-30 16:15:00'),
(3, 1, 'Already planning our next adventure!', '2023-08-31 09:30:00'),
(1, 3, 'Can\'t wait! Until next time!', '2023-09-01 11:45:00'),
(2, 3, 'Stay in touch! Have a great day!', '2023-09-02 14:00:00'),
(3, 2, 'You too! Take care!', '2023-09-03 16:15:00');


INSERT INTO ReviewsComments (ReviewID, CommentText, CommentDate)
VALUES
(1, 'Great experience overall!', '2023-08-12 15:20:00'),
(2, 'Could be cleaner.', '2023-08-13 09:45:00'),
(3, 'Loved the amenities.', '2023-08-15 18:30:00'),
(4, 'Excellent host!', '2023-08-16 11:10:00'),
(5, 'Beautiful location and comfortable stay.', '2023-08-17 14:05:00'),
(6, 'The view was breathtaking.', '2023-08-18 20:15:00'),
(7, 'A bit noisy at night.', '2023-08-20 08:00:00'),
(8, 'Impressed with the cleanliness.', '2023-08-21 13:30:00'),
(9, 'Host was very accommodating.', '2023-08-22 17:45:00'),
(10, 'Overall a pleasant experience.', '2023-08-23 10:20:00'),
(11, 'Great value for the price.', '2023-08-25 12:55:00'),
(12, 'Could use better heating.', '2023-08-26 09:10:00'),
(13, 'Would recommend to friends.', '2023-08-27 16:40:00'),
(14, 'The staff was very friendly and helpful.', '2023-08-28 11:20:00'),
(15, 'Had a great time exploring the area.', '2023-08-29 14:15:00'),
(16, 'Room was spacious and comfortable.', '2023-08-30 17:30:00'),
(17, 'The location was convenient for sightseeing.', '2023-09-01 10:45:00'),
(18, 'Enjoyed the complimentary breakfast.', '2023-09-02 13:20:00'),
(19, 'The swimming pool was a hit with the kids.', '2023-09-03 16:10:00'),
(20, 'Would have preferred more dining options nearby.', '2023-09-04 09:00:00'),
(21, 'Great for families with children.', '2023-09-05 11:45:00'),
(22, 'The rooftop bar had stunning views.', '2023-09-06 14:30:00'),
(23, 'Convenient access to public transportation.', '2023-09-07 17:15:00'),
(24, 'Spa services were relaxing and rejuvenating.', '2023-09-08 10:30:00'),
(25, 'A bit far from the city center.', '2023-09-09 12:20:00'),
(26, 'Loved the local cuisine in the area.', '2023-09-10 15:10:00'),
(27, 'The pet-friendly policy was a bonus.', '2023-09-11 18:00:00'),
(28, 'The cultural district was a highlight.', '2023-09-12 11:45:00'),
(29, 'The game room provided hours of fun.', '2023-09-13 14:30:00'),
(30, 'Had a wonderful time during our stay.', '2023-09-14 17:15:00'),
(31, 'Would recommend for a relaxing getaway.', '2023-09-15 10:30:00'),
(32, 'The beachfront location was unbeatable.', '2023-09-16 12:20:00'),
(33, 'Could use more variety in the breakfast menu.', '2023-09-17 15:10:00');

INSERT INTO Ratings (AccomID, HostID, AccomRating)
VALUES
(1, 1, 4.5),
(2, 2, 3.8),
(3, 3, 4.2),
(4, 4, 4.7),
(5, 5, 4.9),
(6, 6, 4.3),
(7, 7, 3.7),
(8, 8, 4.8),
(9, 9, 3.5),
(10, 10, 4.6),
(11, 1, 4.0),
(12, 2, 4.2),
(13, 3, 3.9),
(14, 4, 4.5),
(15, 5, 4.7),
(16, 6, 4.1),
(17, 7, 3.8),
(18, 8, 4.6),
(19, 9, 3.6),
(20, 10, 4.4),
(1, 11, 4.3),
(2, 12, 3.7),
(3, 13, 4.0),
(4, 14, 4.8),
(5, 15, 4.9),
(6, 16, 4.2),
(7, 17, 3.6),
(8, 18, 4.7),
(9, 19, 3.3),
(10, 20, 4.5);

INSERT INTO UserRatings (RatedUserID, RatingType, RatingValue, RatingUserID)
VALUES
(1, 'Host', 4.8, 2),
(2, 'Guest', 4.5, 3),
(3, 'Host', 4.7, 1),
(4, 'Host', 4.6, 5),
(5, 'Guest', 4.2, 4),
(6, 'Host', 4.9, 7),
(7, 'Guest', 4.3, 6),
(8, 'Host', 4.5, 9),
(9, 'Guest', 4.8, 8),
(10, 'Host', 4.6, 11),
(11, 'Guest', 4.7, 10),
(12, 'Host', 4.9, 13),
(13, 'Guest', 4.4, 12),
(14, 'Host', 4.7, 15),
(15, 'Guest', 4.6, 14),
(16, 'Host', 4.8, 17),
(17, 'Guest', 4.5, 16),
(18, 'Host', 4.6, 19),
(19, 'Guest', 4.7, 18),
(20, 'Host', 4.5, 20),
(1, 'Host', 4.3, 3),
(2, 'Guest', 4.2, 2),
(3, 'Host', 4.4, 4),
(4, 'Host', 4.7, 1),
(5, 'Guest', 4.1, 6),
(6, 'Host', 4.6, 5),
(7, 'Guest', 4.5, 8),
(8, 'Host', 4.8, 7),
(9, 'Guest', 4.7, 10),
(10, 'Host', 4.6, 9),
(11, 'Guest', 4.5, 12),
(12, 'Host', 4.9, 11),
(13, 'Guest', 4.4, 14),
(14, 'Host', 4.7, 13),
(15, 'Guest', 4.6, 16),
(16, 'Host', 4.8, 15),
(17, 'Guest', 4.5, 18),
(18, 'Host', 4.6, 17),
(19, 'Guest', 4.7, 20),
(20, 'Host', 4.5, 19);

INSERT INTO Languages (LanguageName, UserID)
VALUES
('English', 1),
('French', 2),
('Spanish', 3),
('German', 4),
('Italian', 5),
('Chinese', 6),
('Japanese', 7),
('Korean', 8),
('Russian', 9),
('Arabic', 10),
('Portuguese', 11),
('Dutch', 12),
('Swedish', 13),
('Turkish', 14),
('Polish', 15),
('Danish', 16),
('Norwegian', 17),
('Finnish', 18),
('Greek', 19),
('Hindi', 20);


INSERT INTO SocialMedia (UserID, SocialMediaType, ProfileLink)
VALUES
(1, 'Twitter', 'https://twitter.com/user1'),
(2, 'Instagram', 'https://www.instagram.com/user2'),
(3, 'Facebook', 'https://www.facebook.com/user3'),
(4, 'Twitter', 'https://twitter.com/user4'),
(5, 'Instagram', 'https://www.instagram.com/user5'),
(6, 'Facebook', 'https://www.facebook.com/user6'),
(7, 'LinkedIn', 'https://www.linkedin.com/in/user7'),
(8, 'Pinterest', 'https://www.pinterest.com/user8'),
(9, 'YouTube', 'https://www.youtube.com/user9'),
(10, 'TikTok', 'https://www.tiktok.com/@user10'),
(11, 'Snapchat', 'https://www.snapchat.com/add/user11'),
(12, 'Reddit', 'https://www.reddit.com/user/user12'),
(13, 'Tumblr', 'https://user13.tumblr.com'),
(14, 'Twitter', 'https://twitter.com/user14'),
(15, 'Instagram', 'https://www.instagram.com/user15'),
(16, 'Facebook', 'https://www.facebook.com/user16'),
(17, 'LinkedIn', 'https://www.linkedin.com/in/user17'),
(18, 'Pinterest', 'https://www.pinterest.com/user18'),
(19, 'YouTube', 'https://www.youtube.com/user19'),
(20, 'TikTok', 'https://www.tiktok.com/@user20');



INSERT INTO HostBank (HostID, AccountNumber, BankName, RoutingNumber)
VALUES
(1, 1234567890, 'ABC Bank', '123456789'),
(2, 9876543210, 'XYZ Bank', '987654321'),
(3, 5555555555, 'DEF Bank', '555555555'),
(4, 1111111111, 'GHI Bank', '111111111'),
(5, 2222222222, 'JKL Bank', '222222222'),
(6, 3333333333, 'MNO Bank', '333333333'),
(7, 4444444444, 'PQR Bank', '444444444'),
(8, 6666666666, 'STU Bank', '666666666'),
(9, 7777777777, 'VWX Bank', '777777777'),
(10, 8888888888, 'YZ Bank', '888888888'),
(11, 1231231231, 'LMN Bank', '111222333'),
(12, 4564564564, 'OPQ Bank', '444555666'),
(13, 7897897897, 'RST Bank', '777888999'),
(14, 1010101010, 'UVW Bank', '000111222'),
(15, 1313131313, 'XYZ Bank', '333444555'),
(16, 1515151515, 'ABC Bank', '666777888'),
(17, 1717171717, 'DEF Bank', '999000111'),
(18, 1919191919, 'GHI Bank', '222333444'),
(19, 2020202020, 'JKL Bank', '555666777'),
(20, 2222222222, 'MNO Bank', '888999000');



INSERT INTO Favorites (GuestID, AccomID, DateAdded)
VALUES
(1, 1, '2023-08-05'),
(2, 2, '2023-08-06'),
(3, 3, '2023-08-07'),
(4, 4, '2023-08-08'),
(5, 5, '2023-08-09'),
(6, 6, '2023-08-10'),
(7, 7, '2023-08-11'),
(8, 8, '2023-08-12'),
(9, 9, '2023-08-13'),
(10, 10, '2023-08-14'),
(11, 11, '2023-08-15'),
(12, 12, '2023-08-16'),
(13, 13, '2023-08-17'),
(14, 14, '2023-08-18'),
(15, 15, '2023-08-19'),
(16, 16, '2023-08-20'),
(17, 17, '2023-08-21'),
(18, 18, '2023-08-22'),
(19, 19, '2023-08-23'),
(20, 20, '2023-08-24');

INSERT INTO Verifications (VerificationStatus, HostID)
VALUES
(TRUE, 1),
(FALSE, 2),
(TRUE, 3),
(TRUE, 4),
(FALSE, 5),
(TRUE, 6),
(TRUE, 7),
(FALSE, 8),
(TRUE, 9),
(TRUE, 10),
(FALSE, 11),
(TRUE, 12),
(FALSE, 13),
(TRUE, 14),
(FALSE, 15),
(TRUE, 16),
(TRUE, 17),
(FALSE, 18),
(TRUE, 19),
(TRUE, 20);


INSERT INTO useraccomodation (accomid, userid)
VALUES
(1, 1), 
(2, 2),  
(3, 3),  
(4, 4),  
(5, 5),  
(6, 6),  
(7, 7),  
(8, 8),  
(9, 9), 
(10, 10),  
(1, 11),  
(2, 12),  
(3, 13),  
(4, 14),  
(5, 15),  
(6, 16),  
(7, 17),  
(8, 18),  
(9, 19),  
(10, 20); 

INSERT INTO reviews (accomid, guestid, reviewdate, rating)
VALUES
(1, 1, '2023-08-12', 5),
(2, 2, '2023-08-13', 4),
(3, 3, '2023-08-15', 4),
(4, 4, '2023-08-16', 5),
(5, 5, '2023-08-17', 5),
(6, 6, '2023-08-18', 4),
(7, 7, '2023-08-20', 4),
(8, 8, '2023-08-21', 5),
(9, 9, '2023-08-22', 3),
(10, 10, '2023-08-23', 5),
(11, 1, '2023-08-24', 4),
(12, 2, '2023-08-25', 4),
(13, 3, '2023-08-26', 5),
(1, 2, '2023-08-27', 4),
(2, 3, '2023-08-28', 4),
(3, 4, '2023-08-29', 4),
(4, 5, '2023-08-30', 5),
(5, 6, '2023-08-31', 4),
(6, 7, '2023-09-01', 4),
(7, 8, '2023-09-02', 5);


INSERT INTO AccomLocation (AccomLocationID, AccomID, LocationID)
VALUES
(1, 1, 1),
(2, 2, 2),
(3, 3, 3),
(4, 4, 4),
(5, 5, 5),
(6, 6, 6),
(7, 7, 7),
(8, 8, 8),
(9, 9, 9),
(10, 10, 10),
(11, 11, 1),
(12, 12, 2),
(13, 13, 3),
(14, 14, 4),
(15, 15, 5),
(16, 16, 6),
(17, 17, 7),
(18, 18, 8),
(19, 19, 9),
(20, 20, 10);














